{
      "data": {
            "VAHAN": {
                  "API1": [
                        "rc_regn_no",
                        "rc_regn_dt",
                        "rc_owner_name",
                        "rc_present_address",
                        "rc_permanent_address",
                        "rc_vh_class_desc",
                        "rc_chasi_no",
                        "rc_eng_no"
                  ],
                  "API2": [
                        "rc_maker_desc",
                        "rc_fuel_desc",
                        "rc_color",
                        "rc_fit_upto",
                        "rc_tax_upto",
                        "rc_insurance_comp",
                        "rc_insurance_policy_no"
                  ],
                  "API3": [
                        "rc_insurance_upto",
                        "rc_manu_month_yr",
                        "rc_status_as_on",
                        "rc_status"
                  ]
            },
            "SARATHI": {
                  "API1": [
                        "erormsg",
                        "errorcd",
                        "dbLoc",
                        "bioBioId",
                        "bioGenderDesc",
                        "bioCitiZen",
                        "bioFullName",
                        "bioDob",
                        "bioPermAdd1",
                        "bioPermAdd2",
                        "bioPermAdd3",
                        "bioPermPin",
                        "bioTempAdd1",
                        "bioTempAdd1",
                        "bioTempAdd2",
                        "bioTempAdd3",
                        "bioTempPin",
                        "bioPhoneNo",
                        "bioMobileNo",
                        "bioAltMobileNo"
                  ],
                  "API2": [
                        "bioBirthplace",
                        "bioEmailId",
                        "bioDlno",
                        "bioAadhaarName",
                        "bioPermDistName",
                        "bioPermVillTownName",
                        "bioPermSdName",
                        "bioImgObj",
                        "dlLicno",
                        "dlIssuedt",
                        "dlTrValdfrDt",
                        "dlTrValdtoDt",
                        "dlNtValdfrDt",
                        "dlNtValdtoDt",
                        "dlHzValdfrDt",
                        "dlHzValdtoDt",
                        "dlHlValdfrDt",
                        "dlHlValdtoDt",
                        "dlStatus",
                        "psvBadgeissued",
                        "objections"
                  ]
            },
            "FASTag": {
                  "API1": [
                        "vehicleType",
                        "vehicleRegNo",
                        "tollPlazaId",
                        "tollPlazaGeocode",
                        "seqNum",
                        "readerReadTime",
                        "laneDirection"
                  ]
            },
            "FOIS": {
                  "API1": [
                        "stationFrom",
                        "fnrNo",
                        "stationTo",
                        "lastRepLocn",
                        "lastRepStts",
                        "currentStatus",
                        "newFnr",
                        "etaDstn"
                  ]
            },
            "KALE": {
                  "API1": [
                        "ARR",
                        "RCS",
                        "MANTimeStamp",
                        "FHL",
                        "NFD",
                        "RCFTimeStamp",
                        "DLV",
                        "FWB",
                        "FOHTimeStamp",
                        "EGMTimeStamp",
                        "FWBTimeStamp",
                        "BKD",
                        "BKDTimeStamp",
                        "RCSTimeStamp",
                        "FOH",
                        "MAWBNo"
                  ],
                  "API2": [
                        "Pkgs",
                        "ChWt",
                        "FHLTimeStamp",
                        "GrWt",
                        "NFDTimeStamp",
                        "EGM",
                        "CustomsClearance",
                        "DEP",
                        "ARRTimeStamp",
                        "DLVTimeStamp"
                  ],
                  "API3": [
                        "RCF",
                        "CustomsClearanceTimeStamp",
                        "DEPTimeStamp",
                        "MAN",
                        "HAWBNo",
                        "ExpAcceptanceTemperature",
                        "ImpRecvdTemperature",
                        "Origin",
                        "Destination",
                        "FlightNo",
                        "FlightDate",
                        "CustomsStatus",
                        "CustomsClearanceDate",
                        "CustomsClearDate",
                        "ChargeableWt"
                  ]
            }
      }
}