{
 "data" : {
      "VAHAN": [
            "rc_regn_no",
            "rc_regn_dt",
            "rc_owner_name",
            "rc_present_address",
            "rc_permanent_address",
            "rc_vh_class_desc",
            "rc_chasi_no",
            "rc_eng_no",
            "rc_maker_desc",
            "rc_fuel_desc",
            "rc_color",
            "rc_fit_upto",
            "rc_tax_upto",
            "rc_insurance_comp",
            "rc_insurance_policy_no",
            "rc_insurance_upto",
            "rc_manu_month_yr",
            "rc_status_as_on",
            "rc_status"
      ],
      "SARATHI": [
            "erormsg",
            "errorcd",
            "dbLoc",
            "bioBioId",
            "bioGenderDesc",
            "bioCitiZen",
            "bioFullName",
            "bioDob",
            "bioPermAdd1",
            "bioPermAdd2",
            "bioPermAdd3",
            "bioPermPin",
            "bioTempAdd1",
            "bioTempAdd1",
            "bioTempAdd2",
            "bioTempAdd3",
            "bioTempPin",
            "bioPhoneNo",
            "bioMobileNo",
            "bioAltMobileNo",
            "bioBirthplace",
            "bioEmailId",
            "bioDlno",
            "bioAadhaarName",
            "bioPermDistName",
            "bioPermVillTownName",
            "bioPermSdName",
            "bioImgObj",
            "dlLicno",
            "dlIssuedt",
            "dlTrValdfrDt",
            "dlTrValdtoDt",
            "dlNtValdfrDt",
            "dlNtValdtoDt",
            "dlHzValdfrDt",
            "dlHzValdtoDt",
            "dlHlValdfrDt",
            "dlHlValdtoDt",
            "dlStatus",
            "psvBadgeissued",
            "objections"
      ],
      "FASTag": [
            "vehicleType",
            "vehicleRegNo",
            "tollPlazaId",
            "tollPlazaGeocode",
            "seqNum",
            "readerReadTime",
            "laneDirection"
      ],
      "FOIS": [
            "stationFrom",
            "fnrNo",
            "stationTo",
            "lastRepLocn",
            "lastRepStts",
            "currentStatus",
            "newFnr",
            "etaDstn"
      ],
      "KALE": [
            "ARR",
            "RCS",
            "MANTimeStamp",
            "FHL",
            "NFD",
            "RCFTimeStamp",
            "DLV",
            "FWB",
            "FOHTimeStamp",
            "EGMTimeStamp",
            "FWBTimeStamp",
            "BKD",
            "BKDTimeStamp",
            "RCSTimeStamp",
            "FOH",
            "MAWBNo",
            "Pkgs",
            "ChWt",
            "FHLTimeStamp",
            "GrWt",
            "NFDTimeStamp",
            "EGM",
            "CustomsClearance",
            "DEP",
            "ARRTimeStamp",
            "DLVTimeStamp",
            "RCF",
            "CustomsClearanceTimeStamp",
            "DEPTimeStamp",
            "MAN",
            "HAWBNo",
            "ExpAcceptanceTemperature",
            "ImpRecvdTemperature",
            "Origin",
            "Destination",
            "FlightNo",
            "FlightDate",
            "CustomsStatus",
            "CustomsClearanceDate",
            "CustomsClearDate",
            "ChargeableWt"
      ]
 }

}