{
    "data": [
        {
      "table": "VAHAN",
      "columns": [
                {
          "name": "rc_regn_no",
          "selected": false
                },
                {
          "name": "rc_regn_dt",
          "selected": false
                },
                {
          "name": "rc_owner_name",
          "selected": false
                },
                {
          "name": "rc_present_address",
          "selected": false
                },
                {
          "name": "rc_permanent_address",
          "selected": false
                },
                {
          "name": "rc_vh_class_desc",
          "selected": false
                },
                {
          "name": "rc_chasi_no",
          "selected": false
                },
                {
          "name": "rc_eng_no",
          "selected": false
                },
                {
          "name": "rc_maker_desc",
          "selected": false
                },
                {
          "name": "rc_fuel_desc",
          "selected": false
                },
                {
          "name": "rc_color",
          "selected": false
                },
                {
          "name": "rc_fit_upto",
          "selected": false
                },
                {
          "name": "rc_tax_upto",
          "selected": false
                },
                {
          "name": "rc_insurance_comp",
          "selected": false
                },
                {
          "name": "rc_insurance_policy_no",
          "selected": false
                },
                {
          "name": "rc_insurance_upto",
          "selected": false
                },
                {
          "name": "rc_manu_month_yr",
          "selected": false
                },
                {
          "name": "rc_status_as_on",
          "selected": false
                },
                {
          "name": "rc_status",
          "selected": false
                }
            ],
      "selectedColumns": 0
        },
        {
      "table": "SARATHI",
      "columns": [
                {
          "name": "erormsg",
          "selected": false
                },
                {
          "name": "errorcd",
          "selected": false
                },
                {
          "name": "dbLoc",
          "selected": false
                },
                {
          "name": "bioBioId",
          "selected": false
                },
                {
          "name": "bioGenderDesc",
          "selected": false
                },
                {
          "name": "bioCitiZen",
          "selected": false
                },
                {
          "name": "bioFullName",
          "selected": false
                },
                {
          "name": "bioDob",
          "selected": false
                },
                {
          "name": "bioPermAdd1",
          "selected": false
                },
                {
          "name": "bioPermAdd2",
          "selected": false
                },
                {
          "name": "bioPermAdd3",
          "selected": false
                },
                {
          "name": "bioPermPin",
          "selected": false
                },
                {
          "name": "bioTempAdd1",
          "selected": false
                },
                {
          "name": "bioTempAdd1",
          "selected": false
                },
                {
          "name": "bioTempAdd2",
          "selected": false
                },
                {
          "name": "bioTempAdd3",
          "selected": false
                },
                {
          "name": "bioTempPin",
          "selected": false
                },
                {
          "name": "bioPhoneNo",
          "selected": false
                },
                {
          "name": "bioMobileNo",
          "selected": false
                },
                {
          "name": "bioAltMobileNo",
          "selected": false
                },
                {
          "name": "bioBirthplace",
          "selected": false
                },
                {
          "name": "bioEmailId",
          "selected": false
                },
                {
          "name": "bioDlno",
          "selected": false
                },
                {
          "name": "bioAadhaarName",
          "selected": false
                },
                {
          "name": "bioPermDistName",
          "selected": false
                },
                {
          "name": "bioPermVillTownName",
          "selected": false
                },
                {
          "name": "bioPermSdName",
          "selected": false
                },
                {
          "name": "bioImgObj",
          "selected": false
                },
                {
          "name": "dlLicno",
          "selected": false
                },
                {
          "name": "dlIssuedt",
          "selected": false
                },
                {
          "name": "dlTrValdfrDt",
          "selected": false
                },
                {
          "name": "dlTrValdtoDt",
          "selected": false
                },
                {
          "name": "dlNtValdfrDt",
          "selected": false
                },
                {
          "name": "dlNtValdtoDt",
          "selected": false
                },
                {
          "name": "dlHzValdfrDt",
          "selected": false
                },
                {
          "name": "dlHzValdtoDt",
          "selected": false
                },
                {
          "name": "dlHlValdfrDt",
          "selected": false
                },
                {
          "name": "dlHlValdtoDt",
          "selected": false
                },
                {
          "name": "dlStatus",
          "selected": false
                },
                {
          "name": "psvBadgeissued",
          "selected": false
                },
                {
          "name": "objections",
          "selected": false
                }
            ],
      "selectedColumns": 0
        },
        {
      "table": "FASTag",
      "columns": [
                {
          "name": "vehicleType",
          "selected": false
                },
                {
          "name": "vehicleRegNo",
          "selected": false
                },
                {
          "name": "tollPlazaId",
          "selected": false
                },
                {
          "name": "tollPlazaGeocode",
          "selected": false
                },
                {
          "name": "seqNum",
          "selected": false
                },
                {
          "name": "readerReadTime",
          "selected": false
                },
                {
          "name": "laneDirection",
          "selected": false
                }
            ],
      "selectedColumns": 0
        },
        {
      "table": "FOIS",
      "columns": [
                {
          "name": "stationFrom",
          "selected": false
                },
                {
          "name": "fnrNo",
          "selected": false
                },
                {
          "name": "stationTo",
          "selected": false
                },
                {
          "name": "lastRepLocn",
          "selected": false
                },
                {
          "name": "lastRepStts",
          "selected": false
                },
                {
          "name": "currentStatus",
          "selected": false
                },
                {
          "name": "newFnr",
          "selected": false
                },
                {
          "name": "etaDstn",
          "selected": false
                }
            ],
      "selectedColumns": 0
        },
        {
      "table": "KALE",
      "columns": [
                {
          "name": "ARR",
          "selected": false
                },
                {
          "name": "RCS",
          "selected": false
                },
                {
          "name": "MANTimeStamp",
          "selected": false
                },
                {
          "name": "FHL",
          "selected": false
                },
                {
          "name": "NFD",
          "selected": false
                },
                {
          "name": "RCFTimeStamp",
          "selected": false
                },
                {
          "name": "DLV",
          "selected": false
                },
                {
          "name": "FWB",
          "selected": false
                },
                {
          "name": "FOHTimeStamp",
          "selected": false
                },
                {
          "name": "EGMTimeStamp",
          "selected": false
                },
                {
          "name": "FWBTimeStamp",
          "selected": false
                },
                {
          "name": "BKD",
          "selected": false
                },
                {
          "name": "BKDTimeStamp",
          "selected": false
                },
                {
          "name": "RCSTimeStamp",
          "selected": false
                },
                {
          "name": "FOH",
          "selected": false
                },
                {
          "name": "MAWBNo",
          "selected": false
                },
                {
          "name": "Pkgs",
          "selected": false
                },
                {
          "name": "ChWt",
          "selected": false
                },
                {
          "name": "FHLTimeStamp",
          "selected": false
                },
                {
          "name": "GrWt",
          "selected": false
                },
                {
          "name": "NFDTimeStamp",
          "selected": false
                },
                {
          "name": "EGM",
          "selected": false
                },
                {
          "name": "CustomsClearance",
          "selected": false
                },
                {
          "name": "DEP",
          "selected": false
                },
                {
          "name": "ARRTimeStamp",
          "selected": false
                },
                {
          "name": "DLVTimeStamp",
          "selected": false
                },
                {
          "name": "RCF",
          "selected": false
                },
                {
          "name": "CustomsClearanceTimeStamp",
          "selected": false
                },
                {
          "name": "DEPTimeStamp",
          "selected": false
                },
                {
          "name": "MAN",
          "selected": false
                },
                {
          "name": "HAWBNo",
          "selected": false
                },
                {
          "name": "ExpAcceptanceTemperature",
          "selected": false
                },
                {
          "name": "ImpRecvdTemperature",
          "selected": false
                },
                {
          "name": "Origin",
          "selected": false
                },
                {
          "name": "Destination",
          "selected": false
                },
                {
          "name": "FlightNo",
          "selected": false
                },
                {
          "name": "FlightDate",
          "selected": false
                },
                {
          "name": "CustomsStatus",
          "selected": false
                },
                {
          "name": "CustomsClearanceDate",
          "selected": false
                },
                {
          "name": "CustomsClearDate",
          "selected": false
                },
                {
          "name": "ChargeableWt",
          "selected": false
                }
            ],
      "selectedColumns": 0
        }
    ]
}